class,cap-shape,cap-surface,cap-color,bruises,odor,gill-attachment,gill-spacing,gill-size,gill-color,stalk-shape,stalk-root,stalk-surface-above-ring,stalk-surface-below-ring,stalk-color-above-ring,stalk-color-below-ring,veil-type,veil-color,ring-number,ring-type,spore-print-color
p,x,s,n,t,p,f,c,n,k,e,e,s,s,w,w,p,w,o,p,k
e,x,s,y,t,a,f,c,b,k,e,c,s,s,w,w,p,w,o,p,n
e,b,s,w,t,l,f,c,b,n,e,c,s,s,w,w,p,w,o,p,n
p,x,y,w,t,p,f,c,n,n,e,e,s,s,w,w,p,w,o,p,k
e,x,s,g,f,n,f,w,b,k,t,e,s,s,w,w,p,w,o,e,n
e,x,y,y,t,a,f,c,b,n,e,c,s,s,w,w,p,w,o,p,k
e,b,s,w,t,a,f,c,b,g,e,c,s,s,w,w,p,w,o,p,k
